"ID","NAMES","employe_AsTheCowRolls_POT_0"
"75101","Paris 1er Arrondissement",1778
"75102","Paris 2e  Arrondissement",2248
"75103","Paris 3e  Arrondissement",3418
"75104","Paris 4e  Arrondissement",2696
"75105","Paris 5e  Arrondissement",4671
"75106","Paris 6e  Arrondissement",3414
"75107","Paris 7e  Arrondissement",4785
"75108","Paris 8e  Arrondissement",3769
"75109","Paris 9e  Arrondissement",5757
"75110","Paris 10e  Arrondissement",11107
"75111","Paris 11e  Arrondissement",17041
"75112","Paris 12e  Arrondissement",15809
"75113","Paris 13e  Arrondissement",23372
"75114","Paris 14e  Arrondissement",14864
"75115","Paris 15e  Arrondissement",23334
"75116","Paris 16e  Arrondissement",14405
"75117","Paris 17e  Arrondissement",17728
"75118","Paris 18e  Arrondissement",26481
"75119","Paris 19e  Arrondissement",26619
"75120","Paris 20e  Arrondissement",27702
"77001","Acheres-la-Foret",143
"77002","Amillis",143
"77003","Amponville",64
"77004","Andrezel",28
"77005","Annet-sur-Marne",404
"77006","Arbonne-la-Foret",128
"77007","Argentieres",50
"77008","Armentieres-en-Brie",146
"77009","Arville",20
"77010","Aubepierre-Ozouer-le-Repos",102
"77011","Aufferville",71
"77012","Augers-en-Brie",24
"77013","Aulnoy",52
"77014","Avon",2079
"77015","Baby",8
"77016","Bagneaux-sur-Loing",314
"77018","Bailly-Romainvilliers",1324
"77019","Balloy",37
"77020","Bannost-Villegagnon",85
"77021","Barbey",29
"77022","Barbizon",113
"77023","Barcy",25
"77024","Bassevelle",45
"77025","Bazoches-les-Bray",126
"77026","Beauchery-Saint-Martin",68
"77027","Beaumont-du-Gatinais",164
"77028","Beautheil",126
"77029","Beauvoir",29
"77030","Bellot",115
"77031","Bernay-Vilbert",109
"77032","Beton-Bazoches",104
"77033","Bezalles",37
"77034","Blandy",70
"77035","Blennes",68
"77036","Boisdon",22
"77037","Bois-le-Roi",442
"77038","Boissettes",32
"77039","Boissise-la-Bertrand",95
"77040","Boissise-le-Roi",399
"77041","Boissy-aux-Cailles",44
"77042","Boissy-le-Chatel",480
"77043","Boitron",69
"77044","Bombon",120
"77045","Bougligny",95
"77046","Boulancourt",47
"77047","Bouleurs",210
"77048","Bourron-Marlotte",269
"77049","Boutigny",144
"77050","Bransles",70
"77051","Bray-sur-Seine",308
"77052","Breau",58
"77053","Brie-Comte-Robert",2475
"77054","La Brosse-Montceaux",99
"77055","Brou-sur-Chantereine",760
"77056","Burcy",26
"77057","Bussieres",80
"77058","Bussy-Saint-Georges",3858
"77059","Bussy-Saint-Martin",88
"77060","Buthiers",100
"77061","Cannes-Ecluse",324
"77062","Carnetin",51
"77063","La Celle-sur-Morin",188
"77065","Cely",116
"77066","Cerneux",28
"77067","Cesson",1000
"77068","Cessoy-en-Montois",28
"77069","Chailly-en-Biere",207
"77070","Chailly-en-Brie",171
"77071","Chaintreaux",130
"77072","Chalautre-la-Grande",98
"77073","Chalautre-la-Petite",70
"77075","Chalifert",164
"77076","Chalmaison",126
"77077","Chambry",167
"77078","Chamigny",201
"77079","Champagne-sur-Seine",1184
"77080","Champcenest",22
"77081","Champdeuil",141
"77082","Champeaux",101
"77083","Champs-sur-Marne",4107
"77084","Changis-sur-Marne",176
"77085","Chanteloup-en-Brie",359
"77086","La Chapelle-Gauthier",228
"77087","La Chapelle-Iger",16
"77088","La Chapelle-la-Reine",486
"77089","La Chapelle-Rablais",148
"77090","La Chapelle-Saint-Sulpice",62
"77091","Les Chapelles-Bourbon",45
"77093","La Chapelle-Moutils",56
"77094","Charmentray",47
"77095","Charny",216
"77096","Chartrettes",209
"77097","Chartronges",62
"77098","Chateaubleau",44
"77099","Chateau-Landon",452
"77100","Le Chatelet-en-Brie",632
"77101","Chatenay-sur-Seine",140
"77102","Chatenoy",22
"77103","Chatillon-la-Borde",28
"77104","Chatres",80
"77106","Chauffry",152
"77107","Chaumes-en-Brie",395
"77108","Chelles",8207
"77109","Chenoise",239
"77110","Chenou",66
"77111","Chessy",769
"77112","Chevrainvilliers",16
"77113","Chevru",180
"77114","Chevry-Cossigny",533
"77115","Chevry-en-Sereine",72
"77116","Choisy-en-Brie",146
"77117","Citry",112
"77118","Claye-Souilly",1680
"77119","Clos-Fontaine",46
"77120","Cocherel",113
"77121","Collegien",486
"77122","Combs-la-Ville",3471
"77123","Compans",96
"77124","Conches-sur-Gondoire",132
"77125","Conde-Sainte-Libiaire",183
"77126","Congis-sur-Therouanne",232
"77127","Coubert",302
"77128","Couilly-Pont-aux-Dames",299
"77129","Coulombs-en-Valois",76
"77130","Coulommes",57
"77131","Coulommiers",2513
"77132","Coupvray",417
"77133","Courcelles-en-Bassee",27
"77134","Courchamp",20
"77135","Courpalay",190
"77136","Courquetaine",20
"77137","Courtacon",31
"77138","Courtomer",78
"77139","Courtry",843
"77140","Coutencon",53
"77141","Coutevroult",151
"77142","Crecy-la-Chapelle",640
"77143","Cregy-les-Meaux",848
"77144","Crevecoeur-en-Brie",36
"77145","Crisenoy",99
"77146","Croissy-Beaubourg",241
"77147","La Croix-en-Brie",103
"77148","Crouy-sur-Ourcq",263
"77149","Cucharmoy",29
"77150","Cuisy",76
"77151","Dagny",61
"77152","Dammarie-les-Lys",3170
"77153","Dammartin-en-Goele",1305
"77154","Dammartin-sur-Tigeaux",160
"77155","Dampmart",424
"77156","Darvault",117
"77157","Dhuisy",24
"77158","Diant",29
"77159","Donnemarie-Dontilly",421
"77161","Dormelles",67
"77162","Doue",152
"77163","Douy-la-Ramee",46
"77164","Echouboulains",55
"77165","Les Ecrennes",145
"77166","Ecuelles",360
"77167","Egligny",60
"77168","Egreville",333
"77169","Emerainville",1209
"77170","Episy",69
"77171","Esbly",979
"77172","Esmans",173
"77173","Etrepilly",148
"77174","Everly",108
"77175","Evry-Gregy-sur-Yerre",313
"77176","Faremoutiers",419
"77177","Favieres",112
"77178","Fay-les-Nemours",50
"77179","Fericy",59
"77180","Ferolles-Attilly",173
"77181","Ferrieres-en-Brie",267
"77182","La Ferte-Gaucher",680
"77183","La Ferte-sous-Jouarre",1707
"77184","Flagy",81
"77185","Fleury-en-Biere",68
"77186","Fontainebleau",1642
"77187","Fontaine-Fourches",92
"77188","Fontaine-le-Port",84
"77190","Fontains",25
"77191","Fontenailles",140
"77192","Fontenay-Tresigny",820
"77193","Forfry",40
"77194","Forges",70
"77195","Fouju",113
"77196","Fresnes-sur-Marne",92
"77197","Fretoy",32
"77198","Fromont",16
"77199","Fublaines",191
"77200","Garentreville",19
"77201","Gastins",149
"77202","La Genevraye",68
"77203","Germigny-l'Eveque",176
"77204","Germigny-sous-Coulombs",8
"77205","Gesvres-le-Chapitre",33
"77206","Giremoutiers",12
"77207","Gironville",30
"77208","Gouaix",251
"77209","Gouvernes",103
"77210","La Grande-Paroisse",402
"77211","Grandpuits-Bailly-Carrois",156
"77212","Gravon",8
"77214","Gressy",139
"77215","Gretz-Armainvilliers",1218
"77216","Grez-sur-Loing",236
"77217","Grisy-Suisnes",328
"77218","Grisy-sur-Seine",11
"77219","Guerard",233
"77220","Guercheville",36
"77221","Guermantes",150
"77222","Guignes",673
"77223","Gurcy-le-Chatel",60
"77224","Hautefeuille",32
"77225","La Haute-Maison",69
"77226","Hericy",287
"77227","Herme",97
"77228","Hondevilliers",48
"77229","La Houssaye-en-Brie",215
"77230","Ichy",11
"77231","Isles-les-Meldeuses",151
"77232","Isles-les-Villenoy",129
"77233","Iverny",120
"77234","Jablines",95
"77235","Jaignes",42
"77236","Jaulnes",36
"77237","Jossigny",88
"77238","Jouarre",680
"77239","Jouy-le-Chatel",241
"77240","Jouy-sur-Morin",320
"77241","Juilly",382
"77242","Jutigny",78
"77243","Lagny-sur-Marne",2930
"77244","Larchant",92
"77245","Laval-en-Brie",49
"77246","Lechelle",44
"77247","Lescherolles",52
"77248","Lesches",73
"77249","Lesigny",949
"77250","Leudon-en-Brie",36
"77251","Lieusaint",1987
"77252","Limoges-Fourches",79
"77253","Lissy",29
"77254","Liverdy-en-Brie",155
"77255","Livry-sur-Seine",236
"77256","Lizines",31
"77257","Lizy-sur-Ourcq",614
"77258","Lognes",3043
"77259","Longperrier",490
"77260","Longueville",257
"77261","Lorrez-le-Bocage-Preaux",195
"77262","Louan-Villegruis-Fontaine",61
"77263","Luisetaines",4
"77264","Lumigny-Nesles-Ormeaux",232
"77265","Luzancy",252
"77266","Machault",125
"77267","La Madeleine-sur-Loing",35
"77268","Magny-le-Hongre",1332
"77269","Maincy",179
"77270","Maisoncelles-en-Brie",68
"77271","Maisoncelles-en-Gatinais",13
"77272","Maison-Rouge",107
"77273","Marchemoret",80
"77274","Marcilly",50
"77275","Les Marets",16
"77276","Mareuil-les-Meaux",274
"77277","Marles-en-Brie",148
"77278","Marolles-en-Brie",63
"77279","Marolles-sur-Seine",255
"77280","Mary-sur-Marne",175
"77281","Mauperthuis",47
"77282","Mauregard",65
"77283","May-en-Multien",152
"77284","Meaux",9329
"77285","Le Mee-sur-Seine",3642
"77286","Meigneux",35
"77287","Meilleray",72
"77288","Melun",7060
"77289","Melz-sur-Seine",53
"77290","Mery-sur-Marne",105
"77291","Le Mesnil-Amelot",152
"77292","Messy",185
"77293","Misy-sur-Yonne",113
"77294","Mitry-Mory",3035
"77295","Moisenay",168
"77296","Moissy-Cramayel",3282
"77297","Mondreville",76
"77298","Mons-en-Montois",53
"77299","Montarlot",19
"77300","Montceaux-les-Meaux",76
"77301","Montceaux-les-Provins",70
"77302","Montcourt-Fromonville",343
"77303","Montdauphin",24
"77304","Montenils",9
"77305","Montereau-Fault-Yonne",2317
"77306","Montereau-sur-le-Jard",63
"77307","Montevrain",1820
"77308","Montge-en-Goele",97
"77309","Monthyon",296
"77310","Montigny-le-Guesdier",55
"77311","Montigny-Lencoup",176
"77312","Montigny-sur-Loing",359
"77313","Montmachoux",36
"77314","Montolivet",40
"77315","Montry",404
"77316","Moret-sur-Loing",607
"77317","Mormant",752
"77318","Mortcerf",266
"77319","Mortery",26
"77320","Mouroux",752
"77321","Mousseaux-les-Bray",96
"77322","Moussy-le-Neuf",403
"77323","Moussy-le-Vieux",172
"77325","Mouy-sur-Seine",67
"77326","Nandy",1022
"77327","Nangis",1348
"77328","Nanteau-sur-Essonne",46
"77329","Nanteau-sur-Lunain",57
"77330","Nanteuil-les-Meaux",873
"77331","Nanteuil-sur-Marne",89
"77332","Nantouillet",24
"77333","Nemours",1929
"77335","Chauconin-Neufmontiers",307
"77336","Neufmoutiers-en-Brie",189
"77337","Noisiel",2563
"77338","Noisy-Rudignon",94
"77339","Noisy-sur-Ecole",170
"77340","Nonville",93
"77341","Noyen-sur-Seine",58
"77342","Obsonville",21
"77343","Ocquerre",63
"77344","Oissery",387
"77345","Orly-sur-Morin",88
"77347","Les Ormes-sur-Voulzie",137
"77348","Ormesson",36
"77349","Othis",920
"77350","Ozoir-la-Ferriere",2669
"77352","Ozouer-le-Voulgis",332
"77353","Paley",64
"77354","Pamfou",122
"77355","Paroy",28
"77356","Passy-sur-Seine",7
"77357","Pecy",120
"77358","Penchard",126
"77359","Perthes",204
"77360","Pezarches",55
"77361","Pierre-Levee",91
"77363","Le Pin",188
"77364","Le Plessis-aux-Bois",42
"77365","Le Plessis-Feu-Aussoux",100
"77366","Le Plessis-l'Eveque",41
"77367","Le Plessis-Placy",35
"77368","Poigny",72
"77369","Poincy",113
"77370","Poligny",115
"77371","Pommeuse",380
"77372","Pomponne",568
"77373","Pontault-Combault",6040
"77374","Pontcarre",306
"77376","Precy-sur-Marne",132
"77377","Presles-en-Brie",390
"77378","Pringy",352
"77379","Provins",1859
"77380","Puisieux",40
"77381","Quiers",103
"77382","Quincy-Voisins",762
"77383","Rampillon",144
"77384","Reau",164
"77385","Rebais",380
"77386","Recloses",96
"77387","Remauville",55
"77388","Reuil-en-Brie",123
"77389","La Rochette",412
"77390","Roissy-en-Brie",3852
"77391","Rouilly",72
"77392","Rouvres",72
"77393","Rozay-en-Brie",413
"77394","Rubelles",200
"77395","Rumont",20
"77396","Rupereux",8
"77397","Saacy-sur-Marne",298
"77398","Sablonnieres",109
"77399","Saint-Ange-le-Viel",44
"77400","Saint-Augustin",204
"77401","Sainte-Aulde",106
"77402","Saint-Barthelemy",57
"77403","Saint-Brice",88
"77404","Sainte-Colombe",298
"77405","Saint-Cyr-sur-Morin",253
"77406","Saint-Denis-les-Rebais",162
"77407","Saint-Fargeau-Ponthierry",1774
"77408","Saint-Fiacre",39
"77409","Saint-Germain-Laval",436
"77410","Saint-Germain-Laxis",85
"77411","Saint-Germain-sous-Doue",56
"77412","Saint-Germain-sur-Ecole",57
"77413","Saint-Germain-sur-Morin",546
"77414","Saint-Hilliers",59
"77415","Saint-Jean-les-Deux-Jumeaux",186
"77416","Saint-Just-en-Brie",44
"77417","Saint-Leger",24
"77418","Saint-Loup-de-Naud",156
"77419","Saint-Mammes",456
"77420","Saint-Mard",679
"77421","Saint-Mars-Vieux-Maisons",32
"77423","Saint-Martin-des-Champs",109
"77424","Saint-Martin-du-Boschet",25
"77425","Saint-Martin-en-Biere",95
"77426","Saint-Mery",45
"77427","Saint-Mesmes",99
"77428","Saint-Ouen-en-Brie",112
"77429","Saint-Ouen-sur-Morin",64
"77430","Saint-Pathus",932
"77431","Saint-Pierre-les-Nemours",768
"77432","Saint-Remy-la-Vanne",154
"77433","Saints",194
"77434","Saint-Sauveur-les-Bray",55
"77435","Saint-Sauveur-sur-Ecole",85
"77436","Saint-Simeon",110
"77437","Saint-Soupplets",680
"77438","Saint-Thibault-des-Vignes",982
"77439","Salins",160
"77440","Sammeron",169
"77441","Samois-sur-Seine",163
"77442","Samoreau",293
"77443","Sancy",56
"77444","Sancy-les-Provins",36
"77445","Savigny-le-Temple",5186
"77446","Savins",107
"77447","Seine-Port",240
"77448","Sept-Sorts",76
"77449","Serris",1725
"77450","Servon",419
"77451","Signy-Signets",72
"77452","Sigy",4
"77453","Sivry-Courtry",156
"77454","Sognolles-en-Montois",50
"77455","Soignolles-en-Brie",345
"77456","Soisy-Bouy",133
"77457","Solers",217
"77458","Souppes-sur-Loing",840
"77459","Sourdun",283
"77460","Tancrou",40
"77461","Thenisy",52
"77462","Thieux",126
"77463","Thomery",329
"77464","Thorigny-sur-Marne",1436
"77465","Thoury-Ferottes",118
"77466","Tigeaux",48
"77467","La Tombe",31
"77468","Torcy",4108
"77469","Touquin",152
"77470","Tournan-en-Brie",1300
"77471","Tousson",51
"77472","La Tretoire",76
"77473","Treuzy-Levelay",89
"77474","Trilbardou",85
"77475","Trilport",801
"77476","Trocy-en-Multien",39
"77477","Ury",74
"77478","Ussy-sur-Marne",128
"77479","Vaires-sur-Marne",1738
"77480","Valence-en-Brie",85
"77481","Vanville",16
"77482","Varennes-sur-Seine",487
"77483","Varreddes",236
"77484","Vaucourtois",39
"77485","Le Vaudoue",110
"77486","Vaudoy-en-Brie",96
"77487","Vaux-le-Penil",1473
"77489","Vaux-sur-Lunain",16
"77490","Vendrest",126
"77491","Veneux-les-Sablons",526
"77492","Verdelot",66
"77493","Verneuil-l'Etang",660
"77494","Vernou-la-Celle-sur-Seine",425
"77495","Vert-Saint-Denis",924
"77496","Vieux-Champagne",16
"77498","Vignely",36
"77500","Villebeon",60
"77501","Villecerf",124
"77504","Villemarechal",140
"77505","Villemareuil",61
"77506","Villemer",92
"77507","Villenauxe-la-Petite",72
"77508","Villeneuve-le-Comte",210
"77509","Villeneuve-les-Bordes",87
"77510","Villeneuve-Saint-Denis",84
"77511","Villeneuve-sous-Dammartin",110
"77512","Villeneuve-sur-Bellot",164
"77513","Villenoy",655
"77514","Villeparisis",4110
"77515","Villeroy",106
"77516","Ville-Saint-Jacques",104
"77517","Villevaude",237
"77518","Villiers-en-Biere",20
"77519","Villiers-Saint-Georges",183
"77520","Villiers-sous-Grez",72
"77521","Villiers-sur-Morin",183
"77522","Villiers-sur-Seine",44
"77523","Villuis",23
"77524","Vimpelles",88
"77525","Vinantes",56
"77526","Vincy-Manoeuvre",47
"77527","Voinsles",85
"77528","Voisenon",138
"77529","Voulangis",210
"77530","Voulton",56
"77531","Voulx",293
"77532","Vulaines-les-Provins",19
"77533","Vulaines-sur-Seine",288
"77534","Yebles",81
"78003","Ablis",494
"78005","Acheres",3394
"78006","Adainville",78
"78007","Aigremont",40
"78009","Allainville",36
"78010","Les Alluets-le-Roi",107
"78013","Andelu",61
"78015","Andresy",1388
"78020","Arnouville-les-Mantes",88
"78029","Aubergenville",1930
"78030","Auffargis",160
"78031","Auffreville-Brasseuil",40
"78033","Aulnay-sur-Mauldre",144
"78034","Auteuil",91
"78036","Autouillet",29
"78043","Bailly",217
"78048","Bazainville",161
"78049","Bazemont",100
"78050","Bazoches-sur-Guyonne",37
"78053","Behoust",32
"78057","Bennecourt",288
"78062","Beynes",1192
"78068","Blaru",104
"78070","Boinville-en-Mantois",40
"78071","Boinville-le-Gaillard",56
"78072","Boinvilliers",35
"78073","Bois-d'Arcy",1951
"78076","Boissets",38
"78077","La Boissiere-Ecole",67
"78082","Boissy-Mauvoisin",68
"78084","Boissy-sans-Avoir",72
"78087","Bonnelles",265
"78089","Bonnieres-sur-Seine",742
"78090","Bouafle",288
"78092","Bougival",953
"78096","Bourdonne",56
"78104","Breuil-Bois-Robert",87
"78107","Breval",307
"78108","Les Breviaires",164
"78113","Brueil-en-Vexin",97
"78117","Buc",420
"78118","Buchelay",300
"78120","Bullion",180
"78123","Carrieres-sous-Poissy",2590
"78124","Carrieres-sur-Seine",1709
"78125","La Celle-les-Bordes",93
"78126","La Celle-Saint-Cloud",2399
"78128","Cernay-la-Ville",116
"78133","Chambourcy",552
"78138","Chanteloup-les-Vignes",1523
"78140","Chapet",66
"78143","Chateaufort",77
"78146","Chatou",2982
"78147","Chaufour-les-Bonnieres",66
"78152","Chavenay",73
"78158","Le Chesnay",2964
"78160","Chevreuse",609
"78162","Choisel",49
"78163","Civry-la-Foret",36
"78164","Clairefontaine-en-Yvelines",80
"78165","Les Clayes-sous-Bois",2852
"78168","Coignieres",814
"78171","Conde-sur-Vesgre",125
"78172","Conflans-Sainte-Honorine",4843
"78185","Courgent",55
"78188","Cravent",34
"78189","Crespieres",92
"78190","Croissy-sur-Seine",744
"78192","Dammartin-en-Serve",152
"78193","Dampierre-en-Yvelines",122
"78194","Dannemarie",28
"78196","Davron",35
"78202","Drocourt",62
"78206","Ecquevilly",412
"78208","Elancourt",4040
"78209","Emance",90
"78217","Epone",846
"78220","Les Essarts-le-Roi",837
"78224","L'Etang-la-Ville",238
"78227","Evecquemont",32
"78230","La Falaise",71
"78231","Favrieux",16
"78233","Feucherolles",144
"78234","Flacourt",16
"78236","Flexanville",80
"78237","Flins-Neuve-Eglise",20
"78238","Flins-sur-Seine",353
"78239","Follainville-Dennemont",232
"78242","Fontenay-le-Fleury",1899
"78245","Fontenay-Mauvoisin",36
"78246","Fontenay-Saint-Pere",107
"78251","Fourqueux",197
"78255","Freneuse",622
"78261","Gaillon-sur-Montcient",75
"78262","Galluis",116
"78263","Gambais",346
"78264","Gambaiseuil",4
"78265","Garancieres",280
"78267","Gargenville",904
"78269","Gazeran",122
"78276","Gommecourt",92
"78278","Goupillieres",48
"78281","Goussonville",96
"78283","Grandchamp",20
"78285","Gressey",48
"78289","Grosrouvre",65
"78290","Guernes",132
"78291","Guerville",300
"78296","Guitrancourt",93
"78297","Guyancourt",4327
"78299","Hardricourt",258
"78300","Hargeville",48
"78302","La Hauteville",12
"78305","Herbeville",32
"78307","Hermeray",94
"78310","Houdan",497
"78311","Houilles",4165
"78314","Issou",814
"78317","Jambville",83
"78320","Jeufosse",60
"78321","Jouars-Pontchartrain",469
"78322","Jouy-en-Josas",512
"78324","Jouy-Mauvoisin",72
"78325","Jumeauville",63
"78327","Juziers",537
"78329","Lainville-en-Vexin",92
"78334","Levis-Saint-Nom",100
"78335","Limay",2571
"78337","Limetz-Villez",322
"78343","Les Loges-en-Josas",96
"78344","Lommoye",104
"78346","Longnes",202
"78349","Longvilliers",37
"78350","Louveciennes",649
"78354","Magnanville",892
"78356","Magny-les-Hameaux",1280
"78358","Maisons-Laffitte",1810
"78361","Mantes-la-Jolie",6017
"78362","Mantes-la-Ville",3028
"78364","Marcq",97
"78366","Mareil-le-Guyon",46
"78367","Mareil-Marly",124
"78368","Mareil-sur-Mauldre",131
"78372","Marly-le-Roi",1699
"78380","Maule",544
"78381","Maulette",110
"78382","Maurecourt",565
"78383","Maurepas",2656
"78384","Medan",138
"78385","Menerville",28
"78389","Mere",174
"78391","Mericourt",83
"78396","Le Mesnil-le-Roi",564
"78397","Le Mesnil-Saint-Denis",457
"78398","Les Mesnuls",49
"78401","Meulan-en-Yvelines",1420
"78402","Mezieres-sur-Seine",468
"78403","Mezy-sur-Seine",254
"78404","Millemont",29
"78406","Milon-la-Chapelle",17
"78407","Mittainville",37
"78410","Moisson",80
"78413","Mondreville",84
"78415","Montainville",74
"78416","Montalet-le-Bois",55
"78417","Montchauvet",29
"78418","Montesson",1501
"78420","Montfort-l'Amaury",277
"78423","Montigny-le-Bretonneux",4304
"78431","Morainvilliers",238
"78437","Mousseaux-sur-Seine",68
"78439","Mulcent",22
"78440","Les Mureaux",4835
"78442","Neauphle-le-Chateau",314
"78443","Neauphle-le-Vieux",81
"78444","Neauphlette",144
"78451","Nezel",164
"78455","Noisy-le-Roi",641
"78460","Oinville-sur-Montcient",120
"78464","Orcemont",72
"78465","Orgerus",312
"78466","Orgeval",412
"78470","Orphin",120
"78472","Orsonville",32
"78474","Orvilliers",83
"78475","Osmoy",35
"78478","Paray-Douaville",36
"78481","Le Pecq",2072
"78484","Perdreauville",67
"78486","Le Perray-en-Yvelines",780
"78490","Plaisir",4916
"78497","Poigny-la-Foret",92
"78498","Poissy",5303
"78499","Ponthevrard",72
"78501","Porcheville",458
"78502","Le Port-Marly",662
"78503","Port-Villez",24
"78505","Prunay-le-Temple",35
"78506","Prunay-en-Yvelines",84
"78513","La Queue-les-Yvelines",239
"78516","Raizeux",65
"78517","Rambouillet",3570
"78518","Rennemoulin",8
"78520","Richebourg",132
"78522","Rochefort-en-Yvelines",67
"78524","Rocquencourt",270
"78528","Rolleboise",69
"78530","Rosay",28
"78531","Rosny-sur-Seine",717
"78536","Sailly",32
"78537","Saint-Arnoult-en-Yvelines",748
"78545","Saint-Cyr-l'Ecole",2508
"78548","Saint-Forget",23
"78550","Saint-Germain-de-la-Grange",135
"78551","Saint-Germain-en-Laye",4501
"78557","Saint-Hilarion",96
"78558","Saint-Illiers-la-Ville",40
"78559","Saint-Illiers-le-Bois",73
"78561","Saint-Lambert",17
"78562","Saint-Leger-en-Yvelines",129
"78564","Saint-Martin-de-Brethencourt",84
"78565","Saint-Martin-des-Champs",32
"78567","Saint-Martin-la-Garenne",103
"78569","Sainte-Mesme",99
"78571","Saint-Nom-la-Breteche",248
"78575","Saint-Remy-les-Chevreuse",580
"78576","Saint-Remy-l'Honore",104
"78586","Sartrouville",8143
"78588","Saulx-Marchais",118
"78590","Senlisse",20
"78591","Septeuil",204
"78597","Soindres",98
"78601","Sonchamp",157
"78605","Tacoignieres",140
"78606","Le Tartre-Gaudran",0
"78608","Le Tertre-Saint-Denis",20
"78609","Tessancourt-sur-Aubette",100
"78615","Thiverval-Grignon",100
"78616","Thoiry",110
"78618","Tilly",84
"78620","Toussus-le-Noble",109
"78621","Trappes",5179
"78623","Le Tremblay-sur-Mauldre",86
"78624","Triel-sur-Seine",1336
"78638","Vaux-sur-Seine",503
"78640","Velizy-Villacoublay",3319
"78642","Verneuil-sur-Seine",1898
"78643","Vernouillet",1016
"78644","La Verriere",986
"78646","Versailles",9729
"78647","Vert",75
"78650","Le Vesinet",1054
"78653","Vicq",20
"78655","Vieille-Eglise-en-Yvelines",87
"78668","La Villeneuve-en-Chevrie",72
"78672","Villennes-sur-Seine",322
"78674","Villepreux",1372
"78677","Villette",40
"78681","Villiers-le-Mahieu",64
"78683","Villiers-Saint-Frederic",336
"78686","Viroflay",1038
"78688","Voisins-le-Bretonneux",879
"91001","Abbeville-la-Riviere",28
"91016","Angerville",668
"91017","Angervilliers",188
"91021","Arpajon",1580
"91022","Arrancourt",16
"91027","Athis-Mons",4948
"91035","Authon-la-Plaine",64
"91037","Auvernaux",59
"91038","Auvers-Saint-Georges",133
"91041","Avrainville",63
"91044","Ballainvilliers",388
"91045","Ballancourt-sur-Essonne",1206
"91047","Baulne",204
"91064","Bievres",448
"91067","Blandy",25
"91069","Boigneville",53
"91075","Bois-Herpin",4
"91079","Boissy-la-Riviere",63
"91080","Boissy-le-Cutte",181
"91081","Boissy-le-Sec",101
"91085","Boissy-sous-Saint-Yon",526
"91086","Bondoufle",1375
"91093","Boullay-les-Troux",53
"91095","Bouray-sur-Juine",272
"91097","Boussy-Saint-Antoine",975
"91098","Boutervilliers",72
"91099","Boutigny-sur-Essonne",365
"91100","Bouville",93
"91103","Bretigny-sur-Orge",3666
"91105","Breuillet",1155
"91106","Breux-Jouy",159
"91109","Brieres-les-Scelles",180
"91111","Briis-sous-Forges",367
"91112","Brouy",19
"91114","Brunoy",3129
"91115","Bruyeres-le-Chatel",453
"91121","Buno-Bonnevaux",52
"91122","Bures-sur-Yvette",608
"91129","Cerny",489
"91130","Chalo-Saint-Mars",99
"91131","Chalou-Moulineux",48
"91132","Chamarande",169
"91135","Champcueil",357
"91136","Champlan",362
"91137","Champmotteux",56
"91145","Chatignonville",8
"91148","Chauffour-les-Etrechy",16
"91156","Cheptainville",201
"91159","Chevannes",234
"91161","Chilly-Mazarin",2955
"91174","Corbeil-Essonnes",6700
"91175","Corbreuse",231
"91179","Le Coudray-Montceaux",646
"91180","Courances",40
"91182","Courcouronnes",2237
"91184","Courdimanche-sur-Essonne",28
"91186","Courson-Monteloup",47
"91191","Crosne",1292
"91195","Dannemois",124
"91198","D'Huison-Longueville",205
"91200","Dourdan",1522
"91201","Draveil",4045
"91204","Echarcon",104
"91207","Egly",785
"91215","Epinay-sous-Senart",2369
"91216","Epinay-sur-Orge",1184
"91222","Estouches",40
"91223","Etampes",3971
"91225","Etiolles",309
"91226","Etrechy",701
"91228","Evry",8954
"91232","La Ferte-Alais",632
"91235","Fleury-Merogis",1594
"91240","Fontaine-la-Riviere",40
"91243","Fontenay-les-Briis",204
"91244","Fontenay-le-Vicomte",152
"91247","La Foret-le-Roi",76
"91248","La Foret-Sainte-Croix",32
"91249","Forges-les-Bains",460
"91272","Gif-sur-Yvette",1549
"91273","Gironville-sur-Essonne",98
"91274","Gometz-la-Ville",153
"91275","Gometz-le-Chatel",211
"91284","Les Granges-le-Roi",105
"91286","Grigny",4424
"91292","Guibeville",104
"91293","Guigneville-sur-Essonne",130
"91294","Guillerval",104
"91312","Igny",1006
"91315","Itteville",959
"91318","Janville-sur-Juine",225
"91319","Janvry",83
"91326","Juvisy-sur-Orge",2134
"91330","Lardy",700
"91332","Leudeville",209
"91333","Leuville-sur-Orge",629
"91338","Limours",668
"91339","Linas",938
"91340","Lisses",1143
"91345","Longjumeau",3107
"91347","Longpont-sur-Orge",696
"91359","Maisse",462
"91363","Marcoussis",828
"91374","Marolles-en-Beauce",25
"91376","Marolles-en-Hurepoix",708
"91377","Massy",6212
"91378","Mauchamps",25
"91386","Mennecy",1610
"91390","Mereville",502
"91393","Merobert",110
"91399","Mespuits",44
"91405","Milly-la-Foret",617
"91408","Moigny-sur-Ecole",144
"91411","Les Molieres",147
"91412","Mondeville",96
"91414","Monnerville",52
"91421","Montgeron",2994
"91425","Montlhery",999
"91432","Morangis",1723
"91433","Morigny-Champigny",500
"91434","Morsang-sur-Orge",2874
"91435","Morsang-sur-Seine",49
"91441","Nainville-les-Roches",62
"91457","La Norville",492
"91458","Nozay",559
"91461","Ollainville",737
"91463","Oncy-sur-Ecole",155
"91468","Ormoy",220
"91469","Ormoy-la-Riviere",84
"91471","Orsay",1216
"91473","Orveau",20
"91477","Palaiseau",3433
"91479","Paray-Vieille-Poste",1078
"91482","Pecqueuse",64
"91494","Le Plessis-Pate",542
"91495","Plessis-Saint-Benoist",24
"91507","Prunay-sur-Essonne",28
"91508","Puiselet-le-Marais",38
"91511","Pussay",246
"91514","Quincy-sous-Senart",1436
"91519","Richarville",52
"91521","Ris-Orangis",4377
"91525","Roinville",136
"91526","Roinvilliers",20
"91533","Saclas",261
"91534","Saclay",280
"91538","Saint-Aubin",36
"91540","Saint-Cheron",629
"91544","Saint-Cyr-la-Riviere",60
"91546","Saint-Cyr-sous-Dourdan",92
"91547","Saint-Escobille",47
"91549","Sainte-Genevieve-des-Bois",5356
"91552","Saint-Germain-les-Arpajon",1356
"91553","Saint-Germain-les-Corbeil",840
"91556","Saint-Hilaire",44
"91560","Saint-Jean-de-Beauregard",28
"91568","Saint-Maurice-Montcouronne",147
"91570","Saint-Michel-sur-Orge",3359
"91573","Saint-Pierre-du-Perray",1316
"91577","Saintry-sur-Seine",625
"91578","Saint-Sulpice-de-Favieres",36
"91579","Saint-Vrain",314
"91581","Saint-Yon",78
"91587","Saulx-les-Chartreux",699
"91589","Savigny-sur-Orge",5023
"91593","Sermaise",202
"91599","Soisy-sur-Ecole",188
"91600","Soisy-sur-Seine",572
"91602","Souzy-la-Briche",39
"91613","Congerville-Thionville",27
"91617","Tigery",436
"91619","Torfou",16
"91629","Valpuiseaux",64
"91630","Le Val-Saint-Germain",117
"91631","Varennes-Jarcy",235
"91634","Vaugrigneuse",191
"91635","Vauhallan",158
"91639","Vayres-sur-Essonne",120
"91645","Verrieres-le-Buisson",1138
"91648","Vert-le-Grand",524
"91649","Vert-le-Petit",416
"91654","Videlles",59
"91657","Vigneux-sur-Seine",4801
"91659","Villabe",791
"91661","Villebon-sur-Yvette",1194
"91662","Villeconin",88
"91665","La Ville-du-Bois",960
"91666","Villejust",349
"91667","Villemoisson-sur-Orge",713
"91671","Villeneuve-sur-Auvers",48
"91679","Villiers-le-Bacle",112
"91685","Villiers-sur-Orge",516
"91687","Viry-Chatillon",5470
"91689","Wissous",693
"91691","Yerres",4025
"91692","Les Ulis",4462
"92002","Antony",6206
"92004","Asnieres-sur-Seine",10949
"92007","Bagneux",6707
"92009","Bois-Colombes",3516
"92012","Boulogne-Billancourt",12455
"92014","Bourg-la-Reine",1715
"92019","Chatenay-Malabry",4200
"92020","Chatillon",4253
"92022","Chaville",1958
"92023","Clamart",6803
"92024","Clichy",10377
"92025","Colombes",12559
"92026","Courbevoie",10148
"92032","Fontenay-aux-Roses",3027
"92033","Garches",1722
"92035","La Garenne-Colombes",3432
"92036","Gennevilliers",7187
"92040","Issy-les-Moulineaux",7791
"92044","Levallois-Perret",6758
"92046","Malakoff",5014
"92047","Marnes-la-Coquette",121
"92048","Meudon",5083
"92049","Montrouge",6142
"92050","Nanterre",15532
"92051","Neuilly-sur-Seine",4818
"92060","Le Plessis-Robinson",3728
"92062","Puteaux",5200
"92063","Rueil-Malmaison",8397
"92064","Saint-Cloud",2252
"92071","Sceaux",1680
"92072","Sevres",2309
"92073","Suresnes",5816
"92075","Vanves",3294
"92076","Vaucresson",636
"92077","Ville-d'Avray",864
"92078","Villeneuve-la-Garenne",4572
"93001","Aubervilliers",13214
"93005","Aulnay-sous-Bois",12714
"93006","Bagnolet",5489
"93007","Le Blanc-Mesnil",8794
"93008","Bobigny",8543
"93010","Bondy",8983
"93013","Le Bourget",2360
"93014","Clichy-sous-Bois",4501
"93015","Coubron",682
"93027","La Courneuve",6977
"93029","Drancy",11319
"93030","Dugny",2316
"93031","Epinay-sur-Seine",9488
"93032","Gagny",6083
"93033","Gournay-sur-Marne",744
"93039","L'Ile-Saint-Denis",1180
"93045","Les Lilas",3059
"93046","Livry-Gargan",6404
"93047","Montfermeil",3739
"93048","Montreuil",15407
"93049","Neuilly-Plaisance",2901
"93050","Neuilly-sur-Marne",6232
"93051","Noisy-le-Grand",10485
"93053","Noisy-le-Sec",7217
"93055","Pantin",8863
"93057","Les Pavillons-sous-Bois",3418
"93059","Pierrefitte-sur-Seine",4883
"93061","Le Pre-Saint-Gervais",3049
"93062","Le Raincy",1677
"93063","Romainville",4147
"93064","Rosny-sous-Bois",7145
"93066","Saint-Denis",18876
"93070","Saint-Ouen",8333
"93071","Sevran",8390
"93072","Stains",5879
"93073","Tremblay-en-France",5766
"93074","Vaujours",1070
"93077","Villemomble",4170
"93078","Villepinte",6009
"93079","Villetaneuse",2561
"94001","Ablon-sur-Seine",777
"94002","Alfortville",7172
"94003","Arcueil",3193
"94004","Boissy-Saint-Leger",3018
"94011","Bonneuil-sur-Marne",2892
"94015","Bry-sur-Marne",1796
"94016","Cachan",3634
"94017","Champigny-sur-Marne",12538
"94018","Charenton-le-Pont",3716
"94019","Chennevieres-sur-Marne",2625
"94021","Chevilly-Larue",3305
"94022","Choisy-le-Roi",6830
"94028","Creteil",15607
"94033","Fontenay-sous-Bois",7761
"94034","Fresnes",4174
"94037","Gentilly",2849
"94038","L'Hay-les-Roses",4096
"94041","Ivry-sur-Seine",9815
"94042","Joinville-le-Pont",2421
"94043","Le Kremlin-Bicetre",4586
"94044","Limeil-Brevannes",3543
"94046","Maisons-Alfort",7765
"94047","Mandres-les-Roses",533
"94048","Marolles-en-Brie",519
"94052","Nogent-sur-Marne",3366
"94053","Noiseau",661
"94054","Orly",3730
"94055","Ormesson-sur-Marne",1191
"94056","Perigny",272
"94058","Le Perreux-sur-Marne",3711
"94059","Le Plessis-Trevise",2853
"94060","La Queue-en-Brie",1638
"94065","Rungis",924
"94067","Saint-Mande",2234
"94068","Saint-Maur-des-Fosses",8164
"94069","Saint-Maurice",2116
"94070","Santeny",368
"94071","Sucy-en-Brie",3179
"94073","Thiais",4493
"94074","Valenton",2282
"94075","Villecresnes",1406
"94076","Villejuif",9445
"94077","Villeneuve-le-Roi",2842
"94078","Villeneuve-Saint-Georges",6380
"94079","Villiers-sur-Marne",4071
"94080","Vincennes",4916
"94081","Vitry-sur-Seine",14339
"95002","Ableiges",111
"95008","Aincourt",172
"95011","Ambleville",57
"95012","Amenucourt",32
"95014","Andilly",248
"95018","Argenteuil",16895
"95019","Arnouville",2021
"95023","Arronville",83
"95024","Arthies",42
"95026","Asnieres-sur-Oise",304
"95028","Attainville",217
"95039","Auvers-sur-Oise",842
"95040","Avernes",74
"95042","Baillet-en-France",215
"95046","Banthelu",8
"95051","Beauchamp",1056
"95052","Beaumont-sur-Oise",1577
"95054","Le Bellay-en-Vexin",24
"95055","Bellefontaine",48
"95056","Belloy-en-France",282
"95058","Bernes-sur-Oise",358
"95059","Berville",43
"95060","Bessancourt",948
"95061","Bethemont-la-Foret",40
"95063","Bezons",5060
"95074","Boisemont",96
"95078","Boissy-l'Aillerie",192
"95088","Bonneuil-en-France",132
"95091","Bouffemont",842
"95094","Bouqueval",63
"95101","Bray-et-Lu",113
"95102","Breancon",39
"95110","Brignancourt",16
"95116","Bruyeres-sur-Oise",680
"95119","Buhy",36
"95120","Butry-sur-Oise",240
"95127","Cergy",10100
"95134","Champagne-sur-Oise",748
"95139","La Chapelle-en-Vexin",69
"95141","Charmont",12
"95142","Chars",280
"95144","Chatenay-en-France",8
"95149","Chaumontel",435
"95150","Chaussy",84
"95151","Chauvry",36
"95154","Chennevieres-les-Louvres",67
"95157","Cherence",4
"95166","Clery-en-Vexin",51
"95169","Commeny",47
"95170","Condecourt",63
"95176","Cormeilles-en-Parisis",2969
"95177","Cormeilles-en-Vexin",159
"95181","Courcelles-sur-Viosne",40
"95183","Courdimanche",1042
"95197","Deuil-la-Barre",3098
"95199","Domont",2319
"95203","Eaubonne",3426
"95205","Ecouen",1230
"95210","Enghien-les-Bains",1179
"95211","Ennery",269
"95212","Epiais-les-Louvres",15
"95213","Epiais-Rhus",52
"95214","Epinay-Champlatreux",4
"95218","Eragny",2648
"95219","Ermont",3991
"95229","Ezanville",1647
"95241","Fontenay-en-Parisis",264
"95250","Fosses",1489
"95252","Franconville",5488
"95253","Fremainville",20
"95254","Fremecourt",95
"95256","Frepillon",339
"95257","La Frette-sur-Seine",516
"95258","Frouville",51
"95259","Gadancourt",13
"95268","Garges-les-Gonesse",6792
"95270","Genainville",88
"95271","Genicourt",84
"95277","Gonesse",4801
"95280","Goussainville",5009
"95282","Gouzangrez",28
"95287","Grisy-les-Platres",80
"95288","Groslay",1199
"95295","Guiry-en-Vexin",26
"95298","Haravilliers",41
"95301","Haute-Isle",20
"95303","Le Heaulme",19
"95304","Hedouville",20
"95306","Herblay",3568
"95308","Herouville",68
"95309","Hodent",24
"95313","L'Isle-Adam",1436
"95316","Jagny-sous-Bois",40
"95323","Jouy-le-Moutier",2757
"95328","Labbeville",64
"95331","Lassy",12
"95341","Livilliers",20
"95348","Longuesse",56
"95351","Louvres",1677
"95352","Luzarches",476
"95353","Maffliers",231
"95355","Magny-en-Vexin",867
"95365","Mareil-en-France",91
"95369","Margency",250
"95370","Marines",457
"95371","Marly-la-Ville",842
"95379","Maudetour-en-Vexin",8
"95387","Menouville",12
"95388","Menucourt",780
"95392","Meriel",604
"95394","Mery-sur-Oise",1200
"95395","Le Mesnil-Aubry",124
"95409","Moisselles",150
"95422","Montgeroult",51
"95424","Montigny-les-Cormeilles",3315
"95426","Montlignon",193
"95427","Montmagny",2294
"95428","Montmorency",2481
"95429","Montreuil-sur-Epte",32
"95430","Montsoult",560
"95436","Mours",198
"95438","Moussy",27
"95445","Nerville-la-Foret",47
"95446","Nesles-la-Vallee",209
"95447","Neuilly-en-Vexin",17
"95450","Neuville-sur-Oise",92
"95452","Nointel",130
"95456","Noisy-sur-Oise",112
"95459","Nucourt",76
"95462","Omerville",43
"95476","Osny",2201
"95480","Parmain",679
"95483","Le Perchay",51
"95487","Persan",1825
"95488","Pierrelaye",1329
"95489","Piscop",106
"95491","Le Plessis-Bouchard",1008
"95492","Le Plessis-Gassot",16
"95493","Le Plessis-Luzarches",11
"95500","Pontoise",4765
"95504","Presles",482
"95509","Puiseux-en-France",501
"95510","Puiseux-Pontoise",78
"95523","La Roche-Guyon",52
"95527","Roissy-en-France",796
"95529","Ronquerolles",80
"95535","Sagy",152
"95539","Saint-Brice-sous-Foret",2174
"95541","Saint-Clair-sur-Epte",112
"95543","Saint-Cyr-en-Arthies",50
"95554","Saint-Gervais",104
"95555","Saint-Gratien",3157
"95563","Saint-Leu-la-Foret",1760
"95566","Saint-Martin-du-Tertre",406
"95572","Saint-Ouen-l'Aumone",3899
"95574","Saint-Prix",692
"95580","Saint-Witz",249
"95582","Sannois",4128
"95584","Santeuil",66
"95585","Sarcelles",10311
"95592","Seraincourt",130
"95594","Seugy",131
"95598","Soisy-sous-Montmorency",2381
"95604","Survilliers",700
"95607","Taverny",3942
"95610","Themericourt",39
"95611","Theuville",4
"95612","Le Thillay",691
"95625","Us",169
"95627","Vallangoujard",88
"95628","Valmondois",120
"95633","Vaudherland",12
"95637","Vaureal",2720
"95641","Vemars",348
"95651","Vetheuil",85
"95652","Viarmes",644
"95656","Vienne-en-Arthies",45
"95658","Vigny",84
"95660","Villaines-sous-Bois",78
"95675","Villeron",148
"95676","Villers-en-Arthies",45
"95678","Villiers-Adam",92
"95680","Villiers-le-Bel",4727
"95682","Villiers-le-Sec",37
"95690","Wy-dit-Joli-Village",28
